consumption_1470-1494,[]
consume_1470-1494,"['conceyue', 'oughte', 'vengeance', 'eny', 'ner', 'fulfylle', 'nedes', 'fele', 'nor', 'besy']"
cupiditas_1470-1494,"['abdyas', 'burgeyse', 'xxjo', 'nut', 'tapyte', 'welewillars', 'euerlastige', 'titours', 'vacuo', 'prouffitynge']"
greed_1470-1494,"['angurys', 'panettys', 'cotre', 'dogges', 'deceyuyd', 'scawbard', 'physicions', 'hertelye', 'stand', 'chastyt']"
desire_1470-1494,"['desyre', 'loke', 'forsake', 'dye', 'peyne', 'wylle', 'hope', 'entent', 'wyll', 'ay']"
appetite_1470-1494,"['promesse', 'raunson', 'thorow', 'abate', 'expresse', 'semyng', 'losse', 'qualite', 'angre', 'sche']"
lust_1470-1494,"['entent', 'woo', 'courage', 'fame', 'folowe', 'shape', 'trust', 'charite', 'ay', 'help']"
libido_1470-1494,"['ambe', 'indiuisibilitatis', 'discernentem', 'lernyn', 'ader', 'erdely', 'astryarges', 'vnguerdonned', 'wyer', 'camnygh']"
possess_1470-1494,[]
possession_1470-1494,"['wolues', 'ccij', 'golde', 'kyngis', 'tounes', 'irlonde', 'cannes', 'nayles', 'cliij', 'lychfeld']"
possessing_1470-1494,"['obteyue', 'vniuoco', 'thysylfe', 'arithmetryk', 'coberaunce', 'gyltlees', 'faciant', 'hardiest', 'nobled', 'dioclisians']"
busy_1470-1494,"['mtxiio', 'pleisure', 'euaglyste', 'happenyd', 'promancie', 'russhed', 'adiugetur', 'compaseyon', 'refourmynges', 'chachos']"
need_1470-1494,"['examplayre', 'resplendysshyng', 'xxiijj', 'retaynde', 'ydeluesse', 'constricta', 'chiro', 'respite', 'delyt', 'dissoluutur']"
necessary_1470-1494,"['vnderstonde', 'contrarye', 'prouffytable', 'poynt', 'folye', 'further', 'spedeful', 'manere', 'synne', 'creature']"
meed_1470-1494,"['entencions', 'thynstaunce', 'wikkedder', 'faunus', 'housbonde', 'pseue', 'periciam', 'traslacion', 'zeel', 'empriseth']"
budge_1470-1494,"['vineula', 'balis', 'conuent', 'chiviteyns', 'dup', 'codicions', 'addynge', 'mlxxiiij', 'philemenus', 'indiuiduata']"
wastour_1470-1494,"['lytargy', 'pestel', 'ray', 'slippe', 'spylle', 'peasn', 'byleuest', 'woudis', 'nygarde', 'chaundeler']"
waster_1470-1494,"['fothir', 'conponens', 'pletars', 'described', 'decorem', 'remont', 'ducatur', 'kyage', 'aforsayde', 'practisyng']"
speculation_1470-1494,[]
debitum_1470-1494,"['ala', 'crescat', 'ascella', 'timor', 'argent', 'tenuz', 'du', 'losses', 'ville', 'nocet']"
debt_1470-1494,[]
expense_1470-1494,"['grauel', 'euyllys', 'accustomed', 'hyhe', 'humbar', 'grauen', 'sorowe', 'abasshid', 'endured', 'considering']"
gain_1470-1494,"['shewing', 'py', 'rotyn', 'foor', 'calleden', 'pryfonners', 'moore', 'carbuncle', 'ripyng', 'ate']"
miser_1470-1494,"['amorem', 'fuge', 'viuas', 'laboras', 'serra', 'null', 'tiel', 'mez', 'sis', 'sil']"
fortune_1470-1494,"['reason', 'peas', 'nature', 'word', 'feyth', 'sorow', 'comfort', 'don', 'werke', 'pees']"
fortuna_1470-1494,"['nec', 'huius', 'super', 'nobis', 'animam', 'inter', 'cu', 'textus', 'tunc', 'tu']"
use_1470-1494,"['waz', 'contray', 'spente', 'yblamed', 'presed', 'habitacion', 'hadd', 'virgyl', 'sayg', 'scotlonde']"
temperance_1470-1494,"['helpeth', 'quyntyn', 'beforn', 'clxxj', 'clemens', 'arbres', 'leuesque', 'stopped', 'ccxxiiij', 'tuball']"
consume_1495-1519,"['behest', 'vnconyng', 'request', 'seruyse', 'spreit', 'graut', 'rancour', 'matter', 'infortunate', 'tale']"
cupiditas_1495-1519,"['pcta', 'clauserit', 'dyaboli', 'mensis', 'denotat', 'proximos', 'peccatu', 'donis', 'dignitate', 'soluit']"
greed_1495-1519,"['donghyll', 'asiam', 'ies', 'certyfyed', 'lycknes', 'supportacion', 'requyryth', 'porueyaunce', 'encresyd', 'granted']"
desire_1495-1519,"['lacke', 'desyreth', 'peryll', 'pore', 'euyl', 'delaye', 'ys', 'refuse', 'resonable', 'strawe']"
appetite_1495-1519,"['pers', 'tenorem', 'reserue', 'coclear', 'glorie', 'hoste', 'rapere', 'alimonia', 'diuinu', 'septimum']"
lust_1495-1519,"['trouble', 'vertu', 'colde', 'pleasaunce', 'hem', 'truely', 'ferre', 'debate', 'fortune', 'penaunce']"
libido_1495-1519,"['peccatorum', 'hoies', 'calculus', 'lucis', 'hostis', 'fuisset', 'peccatu', 'vinu', 'qn', 'venia']"
possess_1495-1519,"['galon', 'songe', 'sayen', 'dyscrecyon', 'act', 'fendes', 'collectours', 'plumage', 'gardeyn', 'vnclene']"
possession_1495-1519,"['comence', 'humano', 'heire', 'primo', 'pages', 'petrus', 'abbatissa', 'abbate', 'blount', 'zacharias']"
busy_1495-1519,"['agast', 'home', 'lad', 'vewed', 'bolde', 'houndes', 'stoppe', 'blyue', 'sodaynly', 'hente']"
need_1495-1519,"['resplendysshyng', 'thokis', 'dite', 'habundance', 'constricta', 'inuestandu', 'thratte', 'scarste', 'clamacions', 'singos']"
necessary_1495-1519,"['prosperyte', 'perfyte', 'parfyte', 'synfull', 'true', 'poore', 'profytable', 'euyll', 'nedeful', 'wretched']"
meed_1495-1519,"['materiato', 'apcrid', 'derogate', 'waylond', 'balltua', 'vltan', 'infidelem', 'abyllymentes', 'tumultuari', 'iheihesu']"
wastour_1495-1519,"['clatter', 'ledde', 'whyte', 'golde', 'fote', 'myrroure', 'ran', 'bryght', 'ioyned', 'halle']"
waster_1495-1519,"['soroweth', 'alon', 'dele', 'furred', 'whyppe', 'rydeth', 'streyt', 'sences', 'shepeherde', 'dauce']"
debitum_1495-1519,"['tollerant', 'recipit', 'penul', 'iudicem', 'sacerdotes', 'seruices', 'phebe', 'prodest', 'rent', 'clericus']"
debt_1495-1519,"['staffordes', 'deconsecra', 'fumeux', 'counterfee', 'enarras', 'grecea', 'vndstandynge', 'arryuen', 'roside', 'orede']"
expense_1495-1519,"['depcamur', 'discordie', 'absterge', 'loft', 'mortis', 'remoue', 'vniuersa', 'furht', 'mudo', 'auld']"
gain_1495-1519,[]
miser_1495-1519,"['vergilius', 'declinatois', 'augustine', 'vasa', 'disti', 'ri', 'rit', 'rat', 'ris', 'opes']"
fortune_1495-1519,"['playne', 'truely', 'alwaye', 'harde', 'right', 'hit', 'aduersyte', 'sensualyte', 'lust', 'able']"
fortuna_1495-1519,"['au', 'quot', 'alius', 'vetus', 'caret', 'horu', 'cupio', 'queque', 'op', 'auxi']"
use_1495-1519,"['promocions', 'iye', 'laufull', 'casys', 'guyse', 'doubteles', 'kemyge', 'vnable', 'dures', 'stille']"
usury_1495-1519,[]
interest_1495-1519,"['voluntas', 'lie', 'cuias', 'iniquitas', 'templu', 'amicus', 'posytyue', 'hympnes', 'sensualitee', 'hevynnis']"
temperance_1495-1519,"['barnarde', 'reherseth', 'auncyent', 'paule', 'xliii', 'sare', 'suster', 'xxxix', 'carme', 'dyrectly']"
consumption_1520-1544,"['introducunt', 'pharetra', 'arcturium', 'benignis', 'puere', 'saluemini', 'arct', 'imitatus', 'cubiculum', 'forte']"
consume_1520-1544,"['bealye', 'sowne', 'boyle', 'stormys', 'dissolue', 'subtelly', 'drynkyng', 'absolutionis', 'bete', 'tempre']"
cupiditas_1520-1544,"['fainynge', 'vicariam', 'carnificinam', 'burgeyse', 'sacrificis', 'demurre', 'empetii', 'exauspicaui', 'creacions', 'communyng']"
curiositas_1520-1544,"['chasteaulx', 'intemperauncie', 'surrigiane', 'galayes', 'forgyven', 'simas', 'deposicios', 'fermlyer', 'inuic', 'extorqueri']"
curiosity_1520-1544,"['parishioner', 'partiality', 'euangelici', 'foelicem', 'damaso', 'striuelng', 'aethiope', 'turbata', 'seducti', 'monumentorum']"
greed_1520-1544,"['minisred', 'cristened', 'wonte', 'areragys', 'wont', 'domuno', 'oferch', 'owtlawed', 'traunslatyd', 'alarmes']"
desire_1520-1544,"['deserue', 'reioyce', 'doe', 'auaunce', 'obteyne', 'embrace', 'apply', 'applye', 'fere', 'enforce']"
appetite_1520-1544,"['studie', 'fode', 'decay', 'profite', 'conscience', 'liuyng', 'appetyte', 'busynesse', 'satisfye', 'auauntage']"
lust_1520-1544,"['laboure', 'malyce', 'luste', 'labour', 'delyte', 'pryde', 'conscience', 'study', 'trauayle', 'ryches']"
libido_1520-1544,"['proposito', 'quamuis', 'furor', 'boni', 'burg', 'peccator', 'saeculis', 'celebre', 'errata', 'ordinum']"
avarice_1520-1544,"['venustly', 'quieta', 'striff', 'apperans', 'rebukes', 'ornate', 'vrbes', 'euangelica', 'hangid', 'pestelent']"
possess_1520-1544,"['tackle', 'hyts', 'auncesters', 'couterfaite', 'crisome', 'deyte', 'murmurer', 'vntyld', 'relees', 'correct']"
possession_1520-1544,"['possessyon', 'passage', 'memory', 'hades', 'nose', 'bely', 'copany', 'blod', 'foundacion', 'wynges']"
possessing_1520-1544,[]
busy_1520-1544,"['slouthe', 'hungre', 'myrthe', 'werynes', 'drynk', 'agonia', 'bledyng', 'sayle', 'dylygent', 'tyrauntis']"
businesse_1520-1544,"['dropis', 'herped', 'meledyously', 'stormis', 'shames', 'iret', 'shauen', 'glotonye', 'snaylis', 'wepynges']"
need_1520-1544,"['erar', 'entitleed', 'iacens', 'ignes', 'volunte', 'cket', 'rethe', 'erudicion', 'extendat', 'feir']"
necessity_1520-1544,"['nate', 'stinkinge', 'toddis', 'myndis', 'melancholye', 'lieuen', 'drinkis', 'demeanoure', 'inioy', 'lips']"
necessary_1520-1544,"['profitable', 'necessarye', 'profytable', 'necessarie', 'playne', 'expedient', 'mete', 'requisite', 'sufficient', 'trewe']"
meed_1520-1544,"['vnleuende', 'spyritualyte', 'vlcero', 'occupationis', 'amannys', 'soronfull', 'infyde', 'detergendum', 'libnites', 'verauce']"
wastour_1520-1544,"['hengyst', 'proscribed', 'shoute', 'indyfferentest', 'nosel', 'ennoble', 'iniquire', 'ssorren', 'dispargement', 'gooes']"
waster_1520-1544,"['ser', 'declaringe', 'fluctus', 'codex', 'feoalte', 'auete', 'philippyans', 'senators', 'boueton', 'parmeno']"
speculation_1520-1544,"['aperiemus', 'antris', 'musque', 'ballattes', 'robberyes', 'irruens', 'roberto', 'leiffis', 'ordour', 'agathensi']"
debitum_1520-1544,"['digna', 'lucem', 'consilij', 'rediens', 'meas', 'quot', 'potuit', 'quamuis', 'galfredum', 'sublata']"
debt_1520-1544,"['thapparell', 'cotayne', 'womannishe', 'scapulary', 'tendrenes', 'mene', 'vnhappynes', 'wonder', 'rage', 'couerd']"
expense_1520-1544,"['wryngynge', 'commensyd', 'pyteous', 'haynouse', 'ledyng', 'abolla', 'atenir', 'hedgyngebyll', 'drunkarde', 'olyue']"
gain_1520-1544,"['seruius', 'mastix', 'hered', 'ambagibus', 'nigra', 'manerii', 'tellus', 'nonnulli', 'baulme', 'apres']"
miser_1520-1544,"['prae', 'quasi', 'qualibus', 'excelsior', 'scripta', 'assumit', 'alteru', 'sublata', 'manent', 'postea']"
fortune_1520-1544,"['wyt', 'chaunce', 'labour', 'nought', 'laboure', 'foly', 'shame', 'desyre', 'payne', 'drede']"
fortuna_1520-1544,"['reliqua', 'potius', 'lingua', 'tantundem', 'tanquam', 'bella', 'quanto', 'quasi', 'vtique', 'olim']"
use_1520-1544,"['nostratem', 'quodcumque', 'iunipirus', 'feri', 'sich', 'bablynge', 'argenteis', 'nequaq', 'nostraque', 'annuali']"
usury_1520-1544,"['waxid', 'chachyd', 'fundos', 'snct', 'belevyng', 'fruitelesse', 'dauil', 'cotemplacyons', 'veik', 'formedonne']"
interest_1520-1544,"['validis', 'stabant', 'casu', 'ratio', 'quanquam', 'retrorsum', 'cognoscere', 'legvm', 'caeli', 'comitem']"
temperance_1520-1544,"['liberall', 'worshipfull', 'blyndnes', 'substauce', 'veynes', 'prudence', 'eatynge', 'obscure', 'temperaunce', 'orchardes']"
consumption_1545-1569,"['nightshade', 'decking', 'pellicles', 'fluxe', 'lunges', 'swellynge', 'flewme', 'sellaris', 'myxt', 'cyder']"
consume_1545-1569,"['shake', 'burne', 'hyde', 'clense', 'beate', 'byte', 'stop', 'fyll', 'beat', 'quenche']"
cupiditas_1545-1569,"['glauco', 'ygathred', 'abdyas', 'lawhynge', 'namisc', 'vicariam', 'subrnit', 'chepis', 'aliaunte', 'burgeyse']"
cupidity_1545-1569,[]
curiositas_1545-1569,"['enterfering', 'surrigiane', 'schaftis', 'earledomes', 'tapirious', 'deposicios', 'fiest', 'achorien', 'camaryne', 'extorqueri']"
curiosity_1545-1569,"['epystylls', 'crones', 'bonfires', 'advisement', 'misour', 'superyorytye', 'moneybut', 'prinipalls', 'vehemensy', 'hrom']"
greed_1545-1569,"['strangled', 'surples', 'peere', 'planet', 'freman', 'fornicator', 'theefe', 'occupyed', 'gonne', 'crasshed']"
desire_1545-1569,"['desyre', 'study', 'comforte', 'profite', 'comfort', 'care', 'minde', 'loue', 'labour', 'profit']"
appetite_1545-1569,"['infirmitie', 'appetyte', 'drift', 'inordinate', 'appetit', 'dyligence', 'sensuall', 'sicknesse', 'angre', 'weakenes']"
lust_1545-1569,"['foe', 'folly', 'luste', 'coscience', 'hert', 'mind', 'rage', 'smart', 'conscience', 'heart']"
libido_1545-1569,"['luttuosa', 'vultu', 'viris', 'dicis', 'sacrificium', 'iuxta', 'bouthaeus', 'famae', 'laeua', 'lia']"
avarice_1545-1569,"['generatioc', 'cooleryke', 'dremeth', 'solytarynes', 'ynded', 'carpeter', 'echon', 'viriatus', 'ignoraute', 'tiuedale']"
possess_1545-1569,"['arose', 'locrenses', 'thingels', 'gaole', 'thycked', 'edenborovvghe', 'marginall', 'seperatinge', 'prenely', 'lidda']"
possession_1545-1569,"['passage', 'countreye', 'coutrey', 'sighte', 'country', 'custodie', 'countrey', 'protection', 'countrie', 'absence']"
possessing_1545-1569,"['heffand', 'betraye', 'kitchen', 'pardo', 'dispesacions', 'uing', 'honoureth', 'toret', 'perpetuallye', 'apease']"
busy_1545-1569,"['sawes', 'cofouded', 'daunce', 'slow', 'relygyous', 'harlotry', 'ordenaunces', 'purs', 'busie', 'louse']"
businesse_1545-1569,"['trauel', 'trauell', 'harmes', 'vauntage', 'expences', 'delyght', 'employed', 'busines', 'wyttes', 'endes']"
need_1545-1569,"['veryly', 'neded', 'wythstandyng', 'absurd', 'shameth', 'liked', 'cared', 'vituperacion', 'tollerable', 'behaued']"
necessity_1545-1569,"['labor', 'necligence', 'payn', 'trespasse', 'lack', 'defaulte', 'leaft', 'defaultes', 'malitiously', 'sines']"
needing_1545-1569,"['sterk', 'satirray', 'conteynes', 'oted', 'ydill', 'heynes', 'testie', 'vnswete', 'lele', 'vnstable']"
necessary_1545-1569,"['necessarie', 'necessarye', 'profitable', 'requisite', 'conuenient', 'nedefull', 'sufficient', 'profytable', 'expedient', 'mete']"
meed_1545-1569,"['laughe', 'asshamed', 'regensburch', 'quakte', 'coronacyo', 'lenghe', 'laughed', 'vttecht', 'mytred', 'mcccccxxxii']"
budge_1545-1569,[]
wastour_1545-1569,"['ioincte', 'foole', 'marquete', 'fole', 'pecke', 'cannoniste', 'bydo', 'lyer', 'knaue', 'deuilli']"
waster_1545-1569,"['extorcion', 'hongre', 'kepynge', 'skull', 'ornametes', 'gaynes', 'marchant', 'cappe', 'detriment', 'incest']"
speculation_1545-1569,"['blanchet', 'crym', 'pouders', 'glasses', 'patiense', 'camphora', 'endinges', 'rablemet', 'parings', 'motton']"
debitum_1545-1569,"['nullus', 'quoque', 'tulit', 'nomina', 'hinc', 'pariter', 'suae', 'paruo', 'verborum', 'uerbis']"
debt_1545-1569,"['benefice', 'gain', 'suite', 'impediment', 'claime', 'vocacio', 'curate', 'promotion', 'disquiet', 'deputies']"
expense_1545-1569,"['rhynos', 'alexadrethe', 'nakydnesse', 'portyngales', 'mordrede', 'lieftenaute', 'seleucu', 'dankester', 'uantage', 'transformacions']"
gain_1545-1569,"['tarauce', 'desyr', 'annuities', 'benefice', 'disquiet', 'cuning', 'vnaduisedly', 'vittayle', 'turk', 'distrayne']"
miser_1545-1569,"['ddygymydd', 'vwyty', 'kymunet', 'cyn', 'phell', 'bullis', 'merch', 'standan', 'subitum', 'communicare']"
fortune_1545-1569,"['chaunce', 'witte', 'youth', 'beautie', 'mischiefe', 'care', 'store', 'fame', 'lust', 'she']"
fortuna_1545-1569,"['solet', 'illic', 'pars', 'etenim', 'nulli', 'suus', 'licet', 'namque', 'venit', 'huic']"
use_1545-1569,"['uerite', 'barcke', 'colyck', 'mis', 'drown', 'tueit', 'dyssolutyue', 'profet', 'camoenae', 'proportione']"
usury_1545-1569,"['puersite', 'copeus', 'volsis', 'conceauyd', 'werexxi', 'syls', 'displeasant', 'discortesie', 'sesibly', 'excludyng']"
interest_1545-1569,"['claime', 'promotion', 'waster', 'curiosytie', 'tytle', 'parson', 'appetyte', 'officer', 'synguler', 'frauncheses']"
temperance_1545-1569,"['fortitude', 'politique', 'temperaunce', 'chyfe', 'quyetnesse', 'holinesse', 'magnanimitie', 'synguler', 'cxxviij', 'rodian']"
consumption_1570-1594,"['rinde', 'quarte', 'boyling', 'tarte', 'decocted', 'pinte', 'saucer', 'huske', 'muske', 'pestle']"
consume_1570-1594,"['sinke', 'quench', 'drowne', 'deuoure', 'swim', 'flow', 'deuour', 'burne', 'vanish', 'waste']"
cupiditas_1570-1594,"['nimium', 'palmam', 'praeceptorum', 'orbi', 'istam', 'posteris', 'iuuenem', 'flamma', 'pudor', 'vnda']"
cupidity_1570-1594,"['willowbye', 'inculpable', 'nours', 'vvhose', 'mycholl', 'ioktan', 'forceresse', 'pediculos', 'gunbyes', 'incredulytie']"
curiositas_1570-1594,"['coisters', 'ouerslow', 'niple', 'aeorum', 'iubetand', 'enterfering', 'eiulatha', 'colten', 'perrae', 'chasteaulx']"
curiosity_1570-1594,"['sharpnes', 'delayes', 'rashnes', 'supposes', 'tongs', 'noueltie', 'lightnes', 'vnabilitie', 'cunninge', 'bragges']"
greed_1570-1594,"['standers', 'cuyrace', 'agred', 'talked', 'wednesdaye', 'misdemenaur', 'agreed', 'seuerue', 'leaned', 'fletstreete']"
desire_1570-1594,"['loue', 'desyre', 'care', 'minde', 'desires', 'comfort', 'hope', 'mynde', 'mind', 'patience']"
appetite_1570-1594,"['humour', 'lust', 'excesse', 'humor', 'immoderate', 'patient', 'dyet', 'luste', 'coueting', 'stomacke']"
lust_1570-1594,"['luste', 'enuie', 'anger', 'disdaine', 'appetite', 'pride', 'pouertie', 'hate', 'couetousnesse', 'malice']"
lvst_1570-1594,[]
libido_1570-1594,"['opes', 'praesertim', 'conciliare', 'potuit', 'prorsus', 'insania', 'volunt', 'digna', 'premis', 'liquet']"
avarice_1570-1594,"['calomnies', 'corrompu', 'lechery', 'vingtiesme', 'adultere', 'accoucha', 'afferment', 'assiduior', 'defacyng', 'escossois']"
possess_1570-1594,"['dixisse', 'viento', 'depositio', 'permagna', 'vassalli', 'morauiae', 'strada', 'legatus', 'cordialmente', 'liuij']"
possession_1570-1594,"['lande', 'howse', 'kingdome', 'inheritance', 'safetie', 'kingedome', 'landes', 'countrie', 'kingdom', 'land']"
possessing_1570-1594,"['frolicke', 'saftie', 'decaying', 'polliticke', 'enduring', 'consistent', 'disturbing', 'hyghe', 'ciuyll', 'tenaunts']"
busy_1570-1594,"['headstrong', 'apted', 'nespargnoit', 'abiecten', 'hollding', 'whearon', 'steples', 'lothsomenes', 'ryotous', 'colvmna']"
businesse_1570-1594,"['busines', 'trauailes', 'iourney', 'trauell', 'affaires', 'trauaile', 'expenses', 'expectation', 'labours', 'absence']"
need_1570-1594,"['nede', 'neede', 'ned', 'regarde', 'regard', 'leasure', 'doone', 'leysure', 'agreaunce', 'likelyhode']"
necessity_1570-1594,"['necessitie', 'faulte', 'imperfection', 'trial', 'hinderance', 'defect', 'remedie', 'exception', 'default', 'hinderaunce']"
needing_1570-1594,"['naie', 'nihilpraeter', 'caryng', 'vnshamefaster', 'ingenuqus', 'caliphos', 'conuenientlye', 'saleable', 'manuals', 'dile']"
necessary_1570-1594,"['necessarie', 'requisite', 'needefull', 'needfull', 'profitable', 'necessarye', 'expedient', 'conuenient', 'nedefull', 'principally']"
meed_1570-1594,"['sanctifyer', 'mystres', 'alopantius', 'myld', 'boughtfull', 'saythfull', 'incestpous', 'ieoperdeth', 'saluationi', 'courtesy']"
budge_1570-1594,"['stre', 'beatst', 'chasing', 'vpmounts', 'waillit', 'coughe', 'meughst', 'aetna', 'teene', 'raylst']"
waster_1570-1594,"['quareller', 'kinchen', 'inuento', 'abandonnez', 'drunkard', 'seaswolne', 'bawd', 'cosumenturvelut', 'drudge', 'gallantt']"
speculation_1570-1594,"['vvonderfull', 'mathematiques', 'pollycies', 'perfectio', 'nober', 'policy', 'pollicye', 'dealinge', 'gouernemet', 'promoting']"
debitum_1570-1594,"['membrum', 'summae', 'voluit', 'loci', 'testimonium', 'iubet', 'instar', 'essent', 'pium', 'bonam']"
debt_1570-1594,"['suite', 'monie', 'payment', 'raunsome', 'mony', 'hire', 'verdit', 'money', 'reliefe', 'recompence']"
expense_1570-1594,"['exornarint', 'painfullie', 'pungere', 'adonaivnum', 'poticaries', 'subijce', 'repairinge', 'vsumeasane', 'pernicitate', 'coucressant']"
gain_1570-1594,"['mede', 'coine', 'hire', 'gayn', 'dought', 'infelicitie', 'meruell', 'gayne', 'memphion', 'mischance']"
miser_1570-1594,"['meruit', 'stupet', 'parentibus', 'patre', 'negant', 'quantam', 'degeneres', 'perire', 'sacrae', 'nobilis']"
fortune_1570-1594,"['hap', 'fortunes', 'chaunce', 'fate', 'wrong', 'mishap', 'fancie', 'fame', 'happe', 'she']"
fortuna_1570-1594,"['tanto', 'es', 'amore', 'amor', 'cui', 'vna', 'pari', 'ait', 'papa', 'morte']"
use_1570-1594,"['satisfy', 'reform', 'applie', 'prescribe', 'enable', 'employe', 'detect', 'frequent', 'tende', 'recreate']"
usury_1570-1594,"['ruffian', 'grynstone', 'hunnisuckle', 'spinadge', 'ballade', 'tilma', 'mahath', 'legalis', 'spinnedge', 'bandogs']"
interest_1570-1594,"['priuiledge', 'prerogatiue', 'ouersight', 'approbation', 'intelligence', 'allowance', 'treaty', 'maintenaunce', 'obligation', 'aucthoritie']"
temperance_1570-1594,"['wisedom', 'prudence', 'fortitude', 'godlynesse', 'chastenesse', 'pietie', 'incomparable', 'vvisdome', 'moderation', 'sobrietie']"
consumption_1595-1619,"['liuer', 'feuer', 'cough', 'stomack', 'dropsie', 'fluxe', 'choler', 'canker', 'flegme', 'headache']"
consume_1595-1619,"['drowne', 'infect', 'starue', 'melt', 'choake', 'deuoure', 'couer', 'quench', 'sustaine', 'burne']"
cupiditas_1595-1619,"['praescriptus', 'iustorum', 'neutiquam', 'nititur', 'impietas', 'aeterna', 'praesentia', 'solius', 'sudore', 'vidimus']"
cupidity_1595-1619,"['affattica', 'augu¬\x9a', 'extruendum', 'obfuscateth', 'taracapa', 'fliuers', 'stete', 'heddpeece', 'eiaculatio', 'monfert']"
curiositas_1595-1619,"['alumnum', 'optime', 'charissime', 'iuuat', 'laetis', 'anxius', 'fateor', 'liceat', 'tenuit', 'cepit']"
curiosity_1595-1619,"['curiositie', 'affectation', 'unmortified', 'impudency', 'ostentation', 'sottishnesse', 'inconstancy', 'multiplicity', 'fraudulent', 'inconstancie']"
greed_1595-1619,"['coronentur', 'watercresses', 'cauls', 'iealousy', 'depraved', 'trauelld', 'instrumentalle', 'spyde', 'vnbegotten', 'exultatione']"
desire_1595-1619,"['desires', 'affection', 'care', 'comfort', 'minde', 'loue', 'contentment', 'mind', 'hope', 'labour']"
appetite_1595-1619,"['humour', 'stomacke', 'excesse', 'nourishment', 'appetites', 'foode', 'immoderate', 'digestion', 'humor', 'humours']"
lust_1595-1619,"['auarice', 'enuy', 'pride', 'enuie', 'fancie', 'ambition', 'iealousie', 'despight', 'concupiscence', 'mallice']"
lvst_1595-1619,"['antichristc', 'lvstfull', 'impuity', 'howthe', 'barege', 'ceremoniousnesse', 'whold', 'fluxion', 'insufciency', 'vsthe']"
libido_1595-1619,"['metu', 'posthac', 'tenes', 'una', 'taedia', 'nimi√£¬πm', 'gremio', 'reipublicae', 'cineres', 'fouet']"
avarice_1595-1619,"['cankerd', 'unsufferable', 'covetousnes', 'rapes', 'envy', 'incests', 'xlix', 'phantasticalnesse', 'assuetudo', 'v√¶acation']"
possess_1595-1619,"['orientalia', 'perambulatushte', 'obededom', 'irealnd', 'damnari', 'stormbringing', 'repentinus', 'bynny', 'dalmatie', 'suspicatur']"
possession_1595-1619,"['kingdome', 'portion', 'vizeroy', 'possessio√¨', 'inheritance', 'benefit', 'regiment', 'benefite', 'possessions', 'freedome']"
possessing_1595-1619,"['weakning', 'worldlie', 'inwarde', 'weakeneth', 'procureth', 'includes', 'moathconsuming', 'inriching', 'moderating', 'vegetiue']"
busy_1595-1619,"['fermented', 'hampered', 'camaelions', 'scabbes', 'cartrope', 'hoye', 'pe√¨knife', 'eate√¨', 'woormes', 'contado']"
businesse_1595-1619,"['busines', 'purpose', 'voyage', 'affaires', 'imployment', 'enterprise', 'determination', 'intent', 'aduantage', 'expedition']"
need_1595-1619,"['neede', 'n√£¬©ede', 'n√£¬©ed', 'care', 'possessec', 'harme', 'aduantage', 'doe', 'warrant', 'disswadit']"
necessity_1595-1619,"['necessitie', 'restitution', 'remedie', 'necessarily', 'remedy', 'triall', 'certaintie', 'tryall', 'consequence', 'reformation']"
needing_1595-1619,"['corrupter', 'servile', 'injurious', 'bringinge', 'abbattitore', 'adultus', 'vsurious', 'crocked', 'adamnoe', 'brvtvs']"
necessary_1595-1619,"['necessarie', 'needfull', 'requisite', 'profitable', 'conuenient', 'required', 'expedient', 'indifferent', 'needefull', 'proposed']"
meed_1595-1619,"['welth', 'ingine', 'syre', 'bale', 'meede', 'dispaires', 'guerdon', 'destenies', 'beutie', 'ielousie']"
bougeor_1595-1619,"['araoth', 'flameith', 'vtlaughe', 'plagium', 'christiohn', 'pendo', 'iuenal', 'diseaseloue', 'zanfrone', 'iudiciaepiscoporum']"
budge_1595-1619,"['welby', 'bache', 'busbie', 'bonian', 'purfoot', 'snodham', 'lownes', 'iaggard', 'burre', 'purslowe']"
waster_1595-1619,"['fried', 'lambsskinne', 'madder', 'curace', 'posliminio', 'sattine', 'fleumatike', 'mocker', 'diametrum', 'turnolt']"
speculation_1595-1619,"['contrarietie', 'faculty', 'notion', 'methode', 'plainnesse', 'mediocritie', 'generalitie', 'vndersta√¨ding', 'coherence', 'vnderstandinge']"
debitum_1595-1619,"['vnio', 'metu', 'agmina', 'foetum', 'facilem', 'cuncti', 'caeli', 'unquam', 'caeter√£¬πm', 'cunctos']"
debt_1595-1619,"['wages', 'ransome', 'debts', 'pay', 'raunsome', 'recompence', 'payment', 'mony', 'money', 'fee']"
expense_1595-1619,"['pawning', 'thabusing', 'kibd', 'pacoe', 'aboundancec', 'silverfeathered', 'goldenwired', 'waueing', 'cuffes', 'controulement']"
gain_1595-1619,"['gayne', 'gaining', 'hazzard', 'sterue', 'rel√£¬©eue', 'counteruaile', 'intombe', 'yeilde', 'sel', 'grutch']"
miser_1595-1619,"['fregit', 'reddis', 'quantae', 'tela', 'axem', 'hostis', 'fraenos', 'familiares', 'sufficiunt', 'stercorantem']"
fortune_1595-1619,"['fate', 'fortunes', 'fates', 'hap', 'chaunce', 'misfortune', 'fame', 'destinie', 'chance', 'hopes']"
fortuna_1595-1619,"['olim', 'vix', 'ista', 'nunquam', 'animum', 'tuo', 'quot', 'tuae', 'tot', 'tanto']"
use_1595-1619,"['edification', 'vse', 'ceremonies', 'conformitie', 'ministery', 'administration', 'ordination', 'institution', 'assemblies', 'ordinances']"
usury_1595-1619,"['ecu√¨', 'patitu', 'exequitur', 'erogat', 'conuocatio', 'vnu√¨aex', 'faciendu√¨', 'saecularis', 'gund', 'constitutam']"
interest_1595-1619,"['allowance', 'priuiledge', 'credite', 'obligation', 'satisfaction', 'approbation', 'dependence', 'credit', 'imployment', 'office']"
temperance_1595-1619,"['prudence', 'sobrietie', 'fortitude', 'piety', 'sobriety', 'pietie', 'constancy', 'magnanimitie', 'constancie', 'moderation']"
consumption_1620-1644,"['feuer', 'fluxe', 'dropsie', 'flux', 'distemperature', 'sweating', 'inflammation', 'stomach', 'stomack', 'feauer']"
consume_1620-1644,"['drowne', 'devoure', 'infect', 'deuoure', 'burne', 'quench', 'choake', 'nourish', 'scatter', 'burn']"
cupiditas_1620-1644,"['quicquam', 'tantae', 'arbitror', 'optim', 'neminem', 'adesse', 'fuisset', 'atqui', 'satanae', 'aetatem']"
cupidity_1620-1644,"['uglinesse', 'frenzie', 'shiftlesse', 'wellpleasd', 'fretting', 'deiection', 'rhamnusias', 'plungde', 'murderous', 'pusillanimity']"
curiositas_1620-1644,"['consonantiam', 'praedicantur', 'peluem', 'inuentum', 'naturalium', 'prosternam', 'enodatione', 'abunde', 'vigiliis', 'observatu']"
curiosity_1620-1644,"['curiositie', 'fancie', 'lightnesse', 'imagination', 'speculation', 'rhetorick', 'applications', 'speculations', 'ostentation', 'fancy']"
greed_1620-1644,"['saluete', 'musi', 'sumptorium', 'pokes', 'lundi', 'dondolo', 'contraint', 'uostre', 'plaira', 'ceux']"
desire_1620-1644,"['comfort', 'contentment', 'desires', 'love', 'affection', 'hope', 'loue', 'care', 'assurance', 'joy']"
appetite_1620-1644,"['humour', 'appetites', 'lust', 'temper', 'stomack', 'excesse', 'stomacke', 'heat', 'imagination', 'passions']"
lust_1620-1644,"['wantonnesse', 'pride', 'appetite', 'enuy', 'lusts', 'nakednesse', 'sting', 'concupiscence', 'covetousnesse', 'iealousie']"
lvst_1620-1644,"['hping', 'unrepeald', 'elboga', 'houlton', 'herbgrace', 'desiront', 'antonus', 'seizedc', 'explicites', 'vics']"
libido_1620-1644,"['morti', 'lecti', 'praedator', 'murmura', 'quotquot', 'dianae', 'caeco', 'compedibus', 'perfectam', 'istam']"
avarice_1620-1644,"['luxury', 'auarice', 'vainglory', 'vaineglory', 'couetousnesse', 'prodigality', 'luxurie', 'sloath', 'rapine', 'covetousnesse']"
possess_1620-1644,"['svvim', 'bizantium', 'traperus', 'nicht', 'caufield', 'nnegligenter', 'reasoun', 'peaceful', 'totnesse', 'cheerish']"
possession_1620-1644,"['inheritance', 'restitution', 'safetie', 'kingdome', 'safety', 'estate', 'stocke', 'treasure', 'libertie', 'ayssrians']"
possessing_1620-1644,"['preseruing', 'vniting', 'gviana', 'gouerning', 'preserving', 'retards', 'inriching', 'uniting', 'purchasing', 'conservation']"
busy_1620-1644,"['unstudied', 'swadled', 'mannerly', 'mealemouthd', 'ouerclad', 'defraid', 'adversatively', 'corbum', 'elaborat', 'bricquebec']"
businesse_1620-1644,"['busines', 'designe', 'affaires', 'enterprise', 'purpose', 'voyage', 'imployment', 'affaire', 'intent', 'project']"
need_1620-1644,"['neede', 'cimer', 'doe', 'will', 'care', 'do', 'hope', 'sepelivi', 'doubt', 'hayleshower']"
necessity_1620-1644,"['necessitie', 'remedie', 'restraint', 'effect', 'remedy', 'limitation', 'consequence', 'possibility', 'scandall', 'cause']"
needing_1620-1644,"['admits', 'rarespringd', 'moretrelcatic', 'bouze', 'expressious', 'muces', 'dromodaries', 'flittermouse', 'pompeo', 'unattempted']"
necessary_1620-1644,"['necessarie', 'needfull', 'requisite', 'profitable', 'lawfull', 'expedient', 'required', 'usefull', 'commendable', 'indifferent']"
meed_1620-1644,"['vertus', 'enue', 'prowis', 'vnhappinesse', 'payde', 'lillis', 'gallantry', 'raritys', 'deepdyd', 'sones']"
budge_1620-1644,"['guilders', 'ferie', 'iuggleth', 'cavere', 'sherbourne', 'illuminatur', 'loset', 'hartogenbosh', 'newbridge', 'venters']"
waster_1620-1644,"['skarcrow', 'vulgarspirited', 'servilty', 'catarr', 'noctivagorum', 'corrosiue', 'brokenspirit', 'denizan', 'iohnindifferent', 'relin']"
speculation_1620-1644,"['contemplation', 'conceipt', 'inspection', 'phantasie', 'conceite', 'apprehension', 'expression', 'imagination', 'conceptions', 'invention']"
debitum_1620-1644,"['poterit', 'brevi', 'reliquis', 'pignora', 'fabulam', 'ulla', 'studiorum', 'artus', 'fructum', 'prole']"
debt_1620-1644,"['debts', 'ransome', 'wages', 'payment', 'forfeiture', 'fee', 'bargaine', 'debtor', 'creditor', 'surety']"
expense_1620-1644,"['toyl', 'unquietnes', 'sasafras', 'ruitlesse', 'testeeme', 'famyne', 'vexd', 'leapingviolent', 'peregrintation', 'sweats']"
gain_1620-1644,"['gaine', 'purchase', 'redound', 'procure', 'gayne', 'obtaine', 'obtain', 'lose', 'profite', 'forgoe']"
miser_1620-1644,"['benignissimum', 'mulier', 'pereo', 'ignauumque', 'mendax', 'procul', 'moechae', 'pauper', 'pomate', 'cupido']"
fortune_1620-1644,"['fate', 'fortunes', 'misfortune', 'fates', 'hopes', 'foe', 'successe', 'ambition', 'hap', 'destiny']"
fortuna_1620-1644,"['tanto', 'magnis', 'multis', 'fuisse', 'ubi', 'virum', 'cujus', 'mala', 'domi', 'fugit']"
use_1620-1644,"['vse', 'exercise', 'worke', 'account', 'good', 'serve', 'practise', 'for', 'shew', 'effect']"
usury_1620-1644,"['vsury', 'theft', 'penaltie', 'extortion', 'vsurie', 'usurie', 'fraud', 'penalty', 'simonie', 'prescription']"
interest_1620-1644,"['priuiledge', 'priviledge', 'propriety', 'obligation', 'respect', 'prerogatiue', 'oversight', 'imployment', 'dependance', 'freedome']"
temperance_1620-1644,"['gentlenesse', 'sobriety', 'fortitude', 'prudence', 'honestie', 'mildnesse', 'magnanimity', 'constancie', 'meekenesse', 'grauitie']"
consumption_1645-1669,"['feaver', 'flux', 'fever', 'convulsion', 'distemper', 'disease', 'dropsie', 'quartan', 'headach', 'putrefaction']"
consume_1645-1669,"['burn', 'devoure', 'burne', 'drown', 'devour', 'overflow', 'scatter', 'rend', 'crush', 'melt']"
cupiditas_1645-1669,"['humeris', 'placeo', 'assiduis', 'nasci', 'jacere', 'oratores', 'philosophiam', 'honoribus', 'sequaces', 'plurimis']"
cupidity_1645-1669,"['illconquest', 'faintnesse', 'lasciviousnesse', 'selfelove', 'expel', 'unexecuted', 'cankred', 'putrifaction', 'flamation', 'mortify']"
curiositas_1645-1669,"['cursus', 'induit', 'alioquin', 'destruit', 'servi', 'cujusque', 'frequens', 'viginti', 'mineralibus', 'precibus']"
curiosity_1645-1669,"['skill', 'studies', 'fancy', 'skil', 'forwardness', 'ostentation', 'ingenuity', 'proficiency', 'study', 'industry']"
greed_1645-1669,"['comentary', 'gafter', 'orengetree', 'tergiuersation', 'cantabrick', 'gallypots', 'kife', 'apurtenances', 'swouning', 'muscelshel']"
desire_1645-1669,"['hope', 'desiring', 'desires', 'endeavour', 'pray', 'comfort', 'love', 'accept', 'request', 'therefore']"
appetite_1645-1669,"['humor', 'appetites', 'humour', 'lust', 'imagination', 'dulness', 'nutriment', 'inclination', 'copulation', 'excesse']"
lust_1645-1669,"['concupiscence', 'poison', 'pride', 'sting', 'lusts', 'covetousnesse', 'wantonnesse', 'venome', 'intemperance', 'appetite']"
lvst_1645-1669,"['lingano', 'prophylacticus', 'aconitalia', 'thimon', 'psteritiec', 'wellunderstood', 'draull', 'manwairing', 'queenwife', 'christianmeeting']"
libido_1645-1669,"['plagas', 'tramite', 'novos', 'undis', 'genio', 'proles', 'oscula', 'ingeniis', 'satur', 'fastus']"
avarice_1645-1669,"['ambition', 'prodigality', 'luxury', 'baseness', 'insolency', 'cowardise', 'sloth', 'pride', 'insolence', 'cowardize']"
possess_1645-1669,"['possesse', 'injoy', 'enjoy', 'inherit', 'bless', 'partake', 'accompany', 'forget', 'deprive', 'enrich']"
possession_1645-1669,"['libertie', 'freedom', 'liberty', 'estate', 'remainder', 'inheritance', 'priviledge', 'birthright', 'security', 'freedome']"
possessing_1645-1669,"['preserves', 'possesseth', 'possesses', 'excels', 'oreshadowing', 'disposes', 'contributes', 'retains', 'supports', 'filleth']"
busy_1645-1669,"['busie', 'shy', 'costive', 'pragmaticall', 'touchy', 'skillfull', 'packstaffe', 'overtimerous', 'dexterous', 'unskilfull']"
businesse_1645-1669,"['business', 'busines', 'design', 'designe', 'affair', 'affairs', 'purpose', 'affaires', 'project', 'undertaking']"
need_1645-1669,"['neede', 'doe', 'do', 'obstinatley', 'hope', 'nay', 'doubt', 'can', 'should', 'done']"
necessity_1645-1669,"['necessitie', 'possibility', 'consequence', 'necessarily', 'consequently', 'matter', 'consequent', 'reason', 'inconvenience', 'meerly']"
needing_1645-1669,"['slighter', 'wiih', 'arisings', 'conductive', 'tadorne', 'circumferential', 'sephs', 'indivision', 'shifters', 'evitable']"
necessary_1645-1669,"['requisite', 'necessarie', 'needfull', 'needful', 'profitable', 'fitting', 'usefull', 'required', 'expedient', 'useful']"
meed_1645-1669,"['braverie', 'degre', 'renoune', 'trophy', 'memry', 'progenie', 'guerdion', 'mecenas', 'jem', 'streins']"
budge_1645-1669,"['foynes', 'foyns', 'batchellors', 'stooles', 'facing', 'hoods', 'pursfull', 'systrums', 'flockes', 'turband']"
waster_1645-1669,"['vtuous', 'puzzeling', 'muckworme', 'shedim', 'charistus', 'varonl', 'friendlesse', 'acadmus', 'spoiler', 'nonvallity']"
wasture_1645-1669,"['dispsiios', 'tavay', 'mouthymalignant', 'piesly', 'quandum', 'sensana', 'volete', 'mercyhe', 'tainsworth', 'imbreath']"
speculation_1645-1669,"['speculative', 'philosophie', 'metaphysical', 'theory', 'philosophy', 'ratiocination', 'abstruse', 'phansie', 'science', 'mathematicall']"
debitum_1645-1669,"['rei', 'ipsius', 'donum', 'absque', 'aliqua', 'aliam', 'terminos', 'prout', 'grati', 'testimonium']"
debt_1645-1669,"['payment', 'creditor', 'debts', 'debtor', 'forfeiture', 'ransom', 'costs', 'surety', 'reparation', 'ransome']"
expense_1645-1669,"['expence', 'extreamity', 'expenses', 'outvoting', 'augmenting', 'rycotthe', 'nurcerie', 'gaines', 'indigence', 'stocke']"
gain_1645-1669,"['gaine', 'purchase', 'win', 'lose', 'preferment', 'gaining', 'get', 'profit', 'procure', 'advance']"
miser_1645-1669,"['pauper', 'hei', 'plu', 'solus', 'perforato', 'lente', 'stultum', 'amat', 'heu', 'junonis']"
fortune_1645-1669,"['fate', 'destiny', 'misfortune', 'fortunes', 'valour', 'fame', 'powr', 'successe', 'fates', 'foe']"
fortuna_1645-1669,"['sui', 'quum', 'regum', 'altera', 'unius', 'majores', 'numero', 'vt', 'trium', 'totus']"
use_1645-1669,"['choice', 'lastly', 'therefore', 'for', 'good', 'uses', 'secondly', 'used', 'but', 'thirdly']"
usury_1645-1669,"['vsury', 'extortion', 'exaction', 'penalty', 'theft', 'pecuniary', 'robbery', 'compensatory', 'offenders', 'sacrilege']"
interest_1645-1669,"['interests', 'subjects', 'reputation', 'freedome', 'security', 'defence', 'disadvantage', 'government', 'concernments', 'freedom']"
temperance_1645-1669,"['sobriety', 'fortitude', 'gentlenesse', 'frugality', 'gentleness', 'meeknesse', 'continence', 'pietie', 'juststice', 'meekhess']"
consumptioner_1645-1669,"['irrotulatum', 'testamentsbeing', 'bloudaand', 'chalford', 'galindae', 'phisosophers', 'statecontest', 'thentwentieth', 'eschwin', 'gilert']"
consumption_1670-1700,"['flux', 'cheapness', 'circulation', 'disease', 'dropsie', 'digestion', 'evacuation', 'fever', 'gout', 'urin']"
consume_1670-1700,"['drown', 'devour', 'burn', 'rend', 'choak', 'nourish', 'quench', 'crush', 'defile', 'scatter']"
cupiditas_1670-1700,"['immanes', 'poni', 'videar', 'ullum', 'auctoritatis', 'juvenum', 'cogitatis', 'laudat', 'intelligimus', 'alioqui']"
cupidity_1670-1700,"['seedplot', 'mortifid', 'vso', 'coachwheels', 'ccxix', 'overstockd', 'wildernes', 'morgagd', 'conceitednes', 'pockie']"
curiositas_1670-1700,"['proprius', 'moderatur', 'errantes', 'dubium', 'praeceptis', 'defuit', 'vitare', 'rarus', 'dignoscere', 'oratione']"
curiosity_1670-1700,"['diversion', 'complaisance', 'business', 'talent', 'thoughts', 'divertisement', 'regalio', 'acquaintance', 'minde', 'humour']"
greed_1670-1700,"['gud', 'nell', 'cris', 'bret', 'fur', 'spr', 'humph', 'hum', 'saun', 'grub']"
desire_1670-1700,"['hope', 'wish', 'endeavour', 'comfort', 'satisfaction', 'pray', 'love', 'mind', 'advise', 'desiring']"
appetite_1670-1700,"['appetites', 'palate', 'stomack', 'inordinate', 'gust', 'stomach', 'dulness', 'humor', 'inclination', 'warmth']"
lust_1670-1700,"['avarice', 'pride', 'covetousness', 'lustful', 'sensuality', 'lusts', 'intemperance', 'voluptuousness', 'fierceness', 'concupiscence']"
lvst_1670-1700,"['shamings', 'tyrianpurple', 'clairiaux', 'asancaru', 'worsethan', 'turnebius', 'queenwife', 'foediate', 'whitehso', 'luminaties']"
libido_1670-1700,"['manifesta', 'fluctus', 'fundamenta', 'credas', 'praesens', 'mentes', 'britannis', 'vultum', 'protinus', 'literatorum']"
avarice_1670-1700,"['covetousness', 'prodigality', 'cowardise', 'ambition', 'pride', 'luxury', 'baseness', 'lust', 'effeminacy', 'sloth']"
possess_1670-1700,"['enjoy', 'engross', 'injoy', 'yield', 'annoy', 'invade', 'sustain', 'enrich', 'lose', 'bereave']"
possession_1670-1700,"['estate', 'security', 'inheritance', 'liberty', 'priviledge', 'lands', 'kingdom', 'revenue', 'solicitetur', 'profits']"
possessing_1670-1700,"['enjoying', 'enjoys', 'enjoy', 'possess', 'supports', 'possest', 'enjoyd', 'enjoyed', 'preserves', 'enjoyment']"
busy_1670-1700,"['busie', 'squeamish', 'troublesom', 'talkative', 'sawcy', 'timorous', 'pert', 'wary', 'pittiful', 'rude']"
businesse_1670-1700,"['lorship', 'maltman', 'nostriles', 'theopolitica', 'statutableness', 'adress', 'entitas', 'sene', 'countryc', 'consert']"
need_1670-1700,"['do', 'needed', 'can', 'will', 'doubt', 'hope', 'cannot', 'shall', 'proximopro', 'sprett']"
necessity_1670-1700,"['consequence', 'possibility', 'restraint', 'toleration', 'separation', 'reason', 'necessarily', 'cause', 'determination', 'conformity']"
needing_1670-1700,"['alleviation', 'vvanting', 'needeth', 'superuous', 'tollerable', 'hospitallty', 'discredits', 'necessitating', 'allurement', 'comparable']"
necessary_1670-1700,"['requisite', 'needful', 'reasonable', 'sufficient', 'proper', 'possible', 'required', 'difficult', 'impossible', 'useful']"
meed_1670-1700,"['trophie', 'benjam', 'allag', 'iberian', 'calviti', 'drubbs', 'cooksand', 'lillie', 'neriglossorar', 'orangetree']"
budge_1670-1700,"['budg', 'batchellors', 'foyns', 'foins', 'granadeers', 'fuddle', 'paddle', 'maypole', 'gentlemenushers', 'greyhound']"
waster_1670-1700,"['aldringer', 'hodgpodge', 'nigard', 'praeerantur', 'poisoner', 'numere', 'plutarchc', 'accicidentally', 'buren', 'broxwel']"
speculation_1670-1700,"['speculative', 'speculations', 'notional', 'superficial', 'nicety', 'science', 'abstruse', 'philosophy', 'metaphysical', 'intricate']"
debitum_1670-1700,"['actu', 'voluntas', 'ratione', 'legis', 'judicium', 'sequitur', 'debet', 'factum', 'quoad', 'dictum']"
debt_1670-1700,"['payment', 'debts', 'arrears', 'debtor', 'creditor', 'forfeiture', 'damages', 'tenant', 'fee', 'wages']"
expense_1670-1700,"['expenses', 'income', 'expence', 'discount', 'stapleport', 'expences', 'portage', 'coyne', 'incomes', 'woole']"
gain_1670-1700,"['advance', 'lose', 'purchase', 'recover', 'obtain', 'gaining', 'support', 'win', 'retrieve', 'procure']"
miser_1670-1700,"['spendthrift', 'cripple', 'grasier', 'sot', 'begger', 'cully', 'clown', 'glutton', 'gamester', 'churl']"
fortune_1670-1700,"['fortunes', 'fate', 'prize', 'misfortune', 'destiny', 'success', 'hopes', 'rival', 'mistress', 'foe']"
fortuna_1670-1700,"['unquam', 'fama', 'digna', 'mentem', 'tuis', 'olim', 'frustra', 'virtutis', 'animum', 'istis']"
use_1670-1700,"['choice', 'application', 'using', 'fousages', 'uses', 'practise', 'want', 'used', 'therefore', 'good']"
usury_1670-1700,"['vsury', 'exportation', 'payment', 'penalty', 'lending', 'extortion', 'selling', 'exaction', 'buying', 'forfeiture']"
interest_1670-1700,"['security', 'interests', 'reputation', 'safety', 'freedom', 'advantage', 'liberty', 'subjects', 'disadvantage', 'prejudice']"
temperance_1670-1700,"['sobriety', 'piety', 'gentleness', 'meekness', 'fortitude', 'moderation', 'strictness', 'frugality', 'beneficence', 'magnanimity']"
consumptioner_1670-1700,"['browny', 'housesso', 'silicei', 'conigne', 'abrumpendum', 'businesshes', 'deducemus', 'chimming', 'tenetque', 'dirst']"
